"commit_sha","parents","timestamp","subject","reachable_refs","phase_classification","step_classification","changed_files"
"83c0d100237ca6982f362c2e11453dd4dedfad36","f07615c0b84dbf61a57ccde88b1e35f25fe051c2","2026-07-12T19:42:48+03:00","fixup: .gitignore bench artifacts, restore installer icon to non-clean variant","audit/phase17-phase18-history;integration/phase18-detect;master;perf/phase18-short-benchmark;remotes/origin/HEAD -> origin/master;remotes/origin/integration/phase18-detect;remotes/origin/master;remotes/origin/perf/phase18-short-benchmark","FIXUP","",".gitignore;packaging/windows/installer/video2pptx.iss"
"f07615c0b84dbf61a57ccde88b1e35f25fe051c2","49a077f74f4d013e69f2ee33f85afdfadf211259 60d6cde56bc3fd25991c15338cbf4514106a929b","2026-07-12T19:22:09+03:00","Merge Phase 18 detection implementation into Phase 17 master history","audit/phase17-phase18-history;integration/phase18-detect;master;perf/phase18-short-benchmark;remotes/origin/HEAD -> origin/master;remotes/origin/integration/phase18-detect;remotes/origin/master;remotes/origin/perf/phase18-short-benchmark","INTEGRATION","Phase 18","assets/branding/Video2PPTX-clean.ico;assets/branding/Video2PPTX-icon-clean.png;assets/branding/Video2PPTX-logo-clean.png;benchmarks/detect/reference/pre-twopass-3472e62.json;docs/findings.md;packaging/windows/installer/video2pptx.iss;src/video2pptx/backends/opencv_backend.py;src/video2pptx/backends/pyav_backend.py;src/video2pptx/build_meta.py;src/video2pptx/detect_slides.py;src/video2pptx/detection_metrics.py;src/video2pptx/slide_detector.py;tests/test_detect_slides.py;tests/test_detection_metrics.py;tests/test_twopass_parity.py;tools/benchmark_detect.py"
"49a077f74f4d013e69f2ee33f85afdfadf211259","6da09c032fe0c894f08c88994a86e6fbd2173e8f","2026-07-12T19:13:56+03:00","grace(Phase-17): Branding acceptance — compact header logo, asset rename, README, tests","audit/phase17-phase18-history;integration/phase18-detect;master;perf/phase18-short-benchmark;remotes/origin/HEAD -> origin/master;remotes/origin/integration/phase18-detect;remotes/origin/master;remotes/origin/perf/phase18-short-benchmark","PHASE_17","","README.md;assets/branding/Video2PPTX-clean.ico;assets/branding/Video2PPTX-icon-clean.png;assets/branding/Video2PPTX-icon.png;assets/branding/Video2PPTX-logo-clean.png;assets/branding/Video2PPTX-logo.png;assets/branding/Video2PPTX.ico;packaging/windows/installer/video2pptx.iss;packaging/windows/pyinstaller/video2pptx.spec;scripts/check_branding_sync.py;src/video2pptx/gui/about_dialog.py;src/video2pptx/gui/main_window_ui.py;src/video2pptx/gui/resources/branding.qrc;src/video2pptx/gui/resources/branding_rc.py;tests/test_branding.py"
"6da09c032fe0c894f08c88994a86e6fbd2173e8f","b1cc67f869f80f72f963a1d407403c776fabee5c","2026-07-12T19:10:14+03:00","docs-only: Fix Step 18.2 verification references and tolerance wording","audit/phase17-phase18-history;integration/phase18-detect;master;perf/phase18-short-benchmark;remotes/origin/HEAD -> origin/master;remotes/origin/integration/phase18-detect;remotes/origin/master;remotes/origin/perf/phase18-short-benchmark","DOCS_ONLY","Step 18.2","docs/verification-plan.xml"
"b1cc67f869f80f72f963a1d407403c776fabee5c","21ba94ef433e87034fefe08898221ed622f2dbb3","2026-07-12T19:07:40+03:00","docs: Fix Step 18.2 verification references and tolerance wording","audit/phase17-phase18-history;integration/phase18-detect;master;perf/phase18-short-benchmark;remotes/origin/HEAD -> origin/master;remotes/origin/integration/phase18-detect;remotes/origin/master;remotes/origin/perf/phase18-short-benchmark","PHASE_18","Step 18.2","benchmarks/detect/reports/phase18-summary.md;docs/verification-plan.xml"
"2aec742420a869969152db5dd085944039471e71","60d6cde56bc3fd25991c15338cbf4514106a929b","2026-07-12T19:07:40+03:00","docs: Fix Step 18.2 verification references and tolerance wording","perf/detect-phase18","PHASE_18","Step 18.2","benchmarks/detect/reports/phase18-summary.md;docs/verification-plan.xml"
"60d6cde56bc3fd25991c15338cbf4514106a929b","b879f5ea42991bce2410c204aba011177fb77e55","2026-07-12T18:41:15+03:00","perf(detect): FINAL EVIDENCE CONSISTENCY PATCH","audit/phase17-phase18-history;integration/phase18-detect;master;perf/detect-phase18;perf/phase18-short-benchmark;remotes/origin/HEAD -> origin/master;remotes/origin/integration/phase18-detect;remotes/origin/master;remotes/origin/perf/detect-phase18;remotes/origin/perf/phase18-short-benchmark","PHASE_18","","benchmarks/detect/reports/phase18-summary.md;docs/verification-plan.xml;tests/test_detect_slides.py;tests/test_detection_metrics.py;tests/test_twopass_parity.py"
"b879f5ea42991bce2410c204aba011177fb77e55","be39359e99f1ed3b07863b3f7f3ed7a4a8267938","2026-07-12T17:47:32+03:00","perf(detect): REPOSITORY INTEGRITY + PARITY EVIDENCE PATCH","audit/phase17-phase18-history;integration/phase18-detect;master;perf/detect-phase18;perf/phase18-short-benchmark;remotes/origin/HEAD -> origin/master;remotes/origin/integration/phase18-detect;remotes/origin/master;remotes/origin/perf/detect-phase18;remotes/origin/perf/phase18-short-benchmark","PHASE_18","","benchmarks/detect/reference/pre-twopass-3472e62.json;src/video2pptx/detect_slides.py;tests/test_detection_metrics.py;tests/test_twopass_parity.py"
"21ba94ef433e87034fefe08898221ed622f2dbb3","2efe8a189c211b913397cf82033b0e3d13cb6532","2026-07-12T17:43:07+03:00","grace(Phase-17): Fix branding not appearing — re-add lost imports and resource wiring","audit/phase17-phase18-history;integration/phase18-detect;master;perf/phase18-short-benchmark;remotes/origin/HEAD -> origin/master;remotes/origin/integration/phase18-detect;remotes/origin/master;remotes/origin/perf/phase18-short-benchmark","PHASE_17","","src/video2pptx/desktop.py;src/video2pptx/gui/about_dialog.py"
"be39359e99f1ed3b07863b3f7f3ed7a4a8267938","b1bb67b64cbf31456121cdbb67961c5983d6b549","2026-07-12T17:37:09+03:00","Revert ""grace(Phase-17): Qt resource system branding integration""","audit/phase17-phase18-history;integration/phase18-detect;master;perf/detect-phase18;perf/phase18-short-benchmark;remotes/origin/HEAD -> origin/master;remotes/origin/integration/phase18-detect;remotes/origin/master;remotes/origin/perf/detect-phase18;remotes/origin/perf/phase18-short-benchmark","REVERT","","packaging/windows/installer/video2pptx.iss;packaging/windows/pyinstaller/video2pptx.spec;scripts/check_branding_sync.py;src/video2pptx/gui/resources/__init__.py;src/video2pptx/gui/resources/branding.qrc;src/video2pptx/gui/resources/branding_rc.py;tests/test_branding.py"
"2efe8a189c211b913397cf82033b0e3d13cb6532","2b1507cafffdd1a18025d470743ada9c4e248520","2026-07-12T17:28:48+03:00","grace(Phase-17): Qt resource system branding integration","audit/phase17-phase18-history;integration/phase18-detect;master;perf/phase18-short-benchmark;remotes/origin/HEAD -> origin/master;remotes/origin/integration/phase18-detect;remotes/origin/master;remotes/origin/perf/phase18-short-benchmark","PHASE_17","","packaging/windows/installer/video2pptx.iss;packaging/windows/pyinstaller/video2pptx.spec;scripts/check_branding_sync.py;src/video2pptx/gui/resources/__init__.py;src/video2pptx/gui/resources/branding.qrc;src/video2pptx/gui/resources/branding_rc.py;tests/test_branding.py"
"b1bb67b64cbf31456121cdbb67961c5983d6b549","43abab614cdfaebd5c0c44aa1a2961c399fd97e5","2026-07-12T17:28:48+03:00","grace(Phase-17): Qt resource system branding integration","audit/phase17-phase18-history;integration/phase18-detect;master;perf/detect-phase18;perf/phase18-short-benchmark;remotes/origin/HEAD -> origin/master;remotes/origin/integration/phase18-detect;remotes/origin/master;remotes/origin/perf/detect-phase18;remotes/origin/perf/phase18-short-benchmark","PHASE_17","","packaging/windows/installer/video2pptx.iss;packaging/windows/pyinstaller/video2pptx.spec;scripts/check_branding_sync.py;src/video2pptx/gui/resources/__init__.py;src/video2pptx/gui/resources/branding.qrc;src/video2pptx/gui/resources/branding_rc.py;tests/test_branding.py"
"43abab614cdfaebd5c0c44aa1a2961c399fd97e5","1c76062660e2016e1c3be17892904f84d1e63367","2026-07-12T17:28:12+03:00","perf(detect): METRICS INTEGRITY PATCH — frames_sampled, RssSampler, rep bytes","audit/phase17-phase18-history;integration/phase18-detect;master;perf/detect-phase18;perf/phase18-short-benchmark;remotes/origin/HEAD -> origin/master;remotes/origin/integration/phase18-detect;remotes/origin/master;remotes/origin/perf/detect-phase18;remotes/origin/perf/phase18-short-benchmark","CROSS_PHASE","","assets/branding/.gitkeep;assets/branding/Video2PPTX-clean.ico;assets/branding/Video2PPTX-icon-clean.png;assets/branding/Video2PPTX-logo-clean.png;src/video2pptx/detect_slides.py;src/video2pptx/detection_metrics.py;tests/test_detection_metrics.py"
"5942ab81d7c0fe45eaa636f0ff57583f8c6ff238","2b1507cafffdd1a18025d470743ada9c4e248520 335f5649f080e5c8b3e29def1d1a41603fe6db33","2026-07-12T17:19:27+03:00","WIP on master: 2b1507c grace(Phase-17): Add branding assets, set EXE icon","","INTEGRATION","","packaging/windows/installer/video2pptx.iss;src/video2pptx/backends/opencv_backend.py;src/video2pptx/backends/pyav_backend.py;src/video2pptx/build_meta.py;src/video2pptx/desktop.py;src/video2pptx/detect_slides.py;src/video2pptx/gui/about_dialog.py;src/video2pptx/slide_detector.py"
"335f5649f080e5c8b3e29def1d1a41603fe6db33","2b1507cafffdd1a18025d470743ada9c4e248520","2026-07-12T17:19:27+03:00","index on master: 2b1507c grace(Phase-17): Add branding assets, set EXE icon","","FIXUP","",""
"2b1507cafffdd1a18025d470743ada9c4e248520","fadd1fd8849498b1665e080947ff9c01722f392d","2026-07-12T17:10:07+03:00","grace(Phase-17): Add branding assets, set EXE icon","audit/phase17-phase18-history;integration/phase18-detect;master;perf/phase18-short-benchmark;remotes/origin/HEAD -> origin/master;remotes/origin/integration/phase18-detect;remotes/origin/master;remotes/origin/perf/phase18-short-benchmark","PHASE_17","","assets/branding/.gitkeep;assets/branding/Video2PPTX-clean.ico;assets/branding/Video2PPTX-icon-clean.png;assets/branding/Video2PPTX-logo-clean.png;packaging/windows/pyinstaller/video2pptx.spec"
"1c76062660e2016e1c3be17892904f84d1e63367","7919dc313e773b064b888823e535dfbeecc7a86a","2026-07-12T16:36:11+03:00","perf(detect): Phase 18 correction gate — metrics schema, instrumentation, verification","audit/phase17-phase18-history;integration/phase18-detect;master;perf/detect-phase18;perf/phase18-short-benchmark;remotes/origin/HEAD -> origin/master;remotes/origin/integration/phase18-detect;remotes/origin/master;remotes/origin/perf/detect-phase18;remotes/origin/perf/phase18-short-benchmark","PHASE_18","Phase 18","benchmarks/detect/reports/phase18-summary.md;docs/findings.md;docs/verification-plan.xml;src/video2pptx/backends/opencv_backend.py;src/video2pptx/backends/pyav_backend.py;src/video2pptx/detect_slides.py;src/video2pptx/detection_metrics.py;src/video2pptx/slide_detector.py;tests/test_detect_slides.py;tests/test_detection_metrics.py"
"fadd1fd8849498b1665e080947ff9c01722f392d","ed60d338104bed946b226720b4b450dfc3b646d6","2026-07-12T16:27:40+03:00","grace(Phase-17): Fix build.ps1 REPO_ROOT, smoke-test Start-Process, installer LicenseFile","audit/phase17-phase18-history;integration/phase18-detect;master;perf/phase18-short-benchmark;remotes/origin/HEAD -> origin/master;remotes/origin/integration/phase18-detect;remotes/origin/master;remotes/origin/perf/phase18-short-benchmark","PHASE_17","","packaging/windows/build.ps1;packaging/windows/installer/video2pptx.iss;packaging/windows/smoke-test.ps1"
"7919dc313e773b064b888823e535dfbeecc7a86a","3472e62b19fa4fea59bde1fa52b45cd2ff4939d0","2026-07-12T16:21:34+03:00","perf(detect): Phase 18 step 18.2 TwoPassDetection — collapse Pass 3 into Pass 2","audit/phase17-phase18-history;integration/phase18-detect;master;perf/detect-phase18;perf/phase18-short-benchmark;remotes/origin/HEAD -> origin/master;remotes/origin/integration/phase18-detect;remotes/origin/master;remotes/origin/perf/detect-phase18;remotes/origin/perf/phase18-short-benchmark","PHASE_18","Phase 18","benchmarks/detect/reports/phase18-summary.md;docs/development-plan.xml;docs/findings.md;docs/knowledge-graph.xml;src/video2pptx/detect_slides.py;src/video2pptx/slide_detector.py;tests/test_detect_slides.py;tools/benchmark_detect.py"
"ed60d338104bed946b226720b4b450dfc3b646d6","c8699fe360722d1c8b31213d39569d93228d2107","2026-07-12T16:18:13+03:00","grace(Phase-17): Fix spec path resolution, diagnostics output, GRACE docs sync","audit/phase17-phase18-history;integration/phase18-detect;master;perf/phase18-short-benchmark;remotes/origin/HEAD -> origin/master;remotes/origin/integration/phase18-detect;remotes/origin/master;remotes/origin/perf/phase18-short-benchmark","PHASE_17","","docs/development-plan.xml;docs/findings.md;docs/knowledge-graph.xml;packaging/windows/pyinstaller/video2pptx.spec;src/video2pptx/desktop.py"
"c8699fe360722d1c8b31213d39569d93228d2107","142c5f766bc3a81e6e1729d229e9312f4a2a3ec4","2026-07-12T16:02:48+03:00","grace(Phase-17-correction): Complete Phase 17 acceptance gate requirements","audit/phase17-phase18-history;integration/phase18-detect;master;perf/phase18-short-benchmark;remotes/origin/HEAD -> origin/master;remotes/origin/integration/phase18-detect;remotes/origin/master;remotes/origin/perf/phase18-short-benchmark","PHASE_17","Phase 17",".github/workflows/release-windows.yml;docs/adr/ADR-002-windows-packaging-tool.md;docs/development-plan.xml;docs/findings.md;docs/knowledge-graph.xml;docs/verification-plan.xml;packaging/windows/build.ps1;packaging/windows/installer/video2pptx.iss;packaging/windows/pyinstaller/video2pptx.spec;packaging/windows/smoke-test.ps1;pyproject.toml;src/video2pptx/application/identity.py;src/video2pptx/application/update_service.py;src/video2pptx/desktop.py;src/video2pptx/gui/app_config.py;src/video2pptx/gui/main_window_ui.py;src/video2pptx/gui/settings_app.py;src/video2pptx/gui/update_controller.py;src/video2pptx/gui/update_dialog.py;src/video2pptx/infrastructure/github_release_provider.py;tests/test_github_release_provider.py;tests/test_gui_settings_app.py;tests/test_update_service.py"
"3472e62b19fa4fea59bde1fa52b45cd2ff4939d0","142c5f766bc3a81e6e1729d229e9312f4a2a3ec4","2026-07-12T15:33:05+03:00","perf(detect): Phase 18 baseline instrumentation","audit/phase17-phase18-history;integration/phase18-detect;master;perf/detect-phase18;perf/phase18-short-benchmark;remotes/origin/HEAD -> origin/master;remotes/origin/integration/phase18-detect;remotes/origin/master;remotes/origin/perf/detect-phase18;remotes/origin/perf/phase18-short-benchmark","PHASE_18","Phase 18","docs/development-plan.xml;src/video2pptx/detection_metrics.py"
"142c5f766bc3a81e6e1729d229e9312f4a2a3ec4","776a15bba4d8f2b17b3b4ca3bd95e5d518c3f58d","2026-07-12T15:30:49+03:00","grace(M-WIN-PACKAGING): Steps 17.5-17.9 — ADR, installer, release workflow","audit/phase17-phase18-history;integration/phase18-detect;master;perf/detect-phase18;perf/phase18-short-benchmark;remotes/origin/HEAD -> origin/master;remotes/origin/integration/phase18-detect;remotes/origin/master;remotes/origin/perf/detect-phase18;remotes/origin/perf/phase18-short-benchmark","PHASE_17","",".github/workflows/release-windows.yml;docs/adr/ADR-002-windows-packaging-tool.md;docs/development-plan.xml;packaging/windows/installer/video2pptx.iss"
"776a15bba4d8f2b17b3b4ca3bd95e5d518c3f58d","02348423e9a7c4c003db71a90add540b79d807bb","2026-07-12T15:29:33+03:00","grace(M-WIN-PACKAGING): Steps 17.3-17.4 — build scripts (PyInstaller+Nuitka)","audit/phase17-phase18-history;integration/phase18-detect;master;perf/detect-phase18;perf/phase18-short-benchmark;remotes/origin/HEAD -> origin/master;remotes/origin/integration/phase18-detect;remotes/origin/master;remotes/origin/perf/detect-phase18;remotes/origin/perf/phase18-short-benchmark","PHASE_17","","packaging/windows/build.ps1;packaging/windows/nuitka/build.ps1;packaging/windows/pyinstaller/build.ps1;packaging/windows/smoke-test.ps1"
"02348423e9a7c4c003db71a90add540b79d807bb","c2153c904f2e4d204361f458d2478525c4455b7f","2026-07-12T15:28:26+03:00","grace(M-WIN-PACKAGING): Step 17.3 — PyInstaller reference spec","audit/phase17-phase18-history;integration/phase18-detect;master;perf/detect-phase18;perf/phase18-short-benchmark;remotes/origin/HEAD -> origin/master;remotes/origin/integration/phase18-detect;remotes/origin/master;remotes/origin/perf/detect-phase18;remotes/origin/perf/phase18-short-benchmark","PHASE_17","Step 17.3","docs/development-plan.xml;packaging/windows/pyinstaller/video2pptx.spec"
"c2153c904f2e4d204361f458d2478525c4455b7f","07d5e070f340a2c5f5f8452f52d4424ff1295c0a","2026-07-12T15:27:51+03:00","grace(M-DESKTOP-BOOTSTRAP): Step 17.2 — desktop entry point","audit/phase17-phase18-history;integration/phase18-detect;master;perf/detect-phase18;perf/phase18-short-benchmark;remotes/origin/HEAD -> origin/master;remotes/origin/integration/phase18-detect;remotes/origin/master;remotes/origin/perf/detect-phase18;remotes/origin/perf/phase18-short-benchmark","PHASE_17","Step 17.2","docs/development-plan.xml;docs/knowledge-graph.xml;pyproject.toml;src/video2pptx/desktop.py"
"07d5e070f340a2c5f5f8452f52d4424ff1295c0a","4a2bfb3fec8e92d6678294675bda6ab6531d6fea","2026-07-12T15:26:43+03:00","grace(M-WIN-PACKAGING): Step 17.1 — packaging inventory","audit/phase17-phase18-history;integration/phase18-detect;master;perf/detect-phase18;perf/phase18-short-benchmark;remotes/origin/HEAD -> origin/master;remotes/origin/integration/phase18-detect;remotes/origin/master;remotes/origin/perf/detect-phase18;remotes/origin/perf/phase18-short-benchmark","PHASE_17","Step 17.1","docs/development-plan.xml;docs/verification-plan.xml;packaging/windows/inventory.md"
"4a2bfb3fec8e92d6678294675bda6ab6531d6fea","d9046d30ab1ff6bfdbe91bb3055f79082caac315","2026-07-12T15:14:08+03:00","grace(V-REF-DETECTION-INPUT): F-0075/F-0076 exact GUI integration tests","audit/phase17-phase18-history;integration/phase18-detect;master;perf/detect-phase18;perf/phase18-short-benchmark;test/mcp-e2e-hardening;remotes/origin/HEAD -> origin/master;remotes/origin/integration/phase18-detect;remotes/origin/master;remotes/origin/perf/detect-phase18;remotes/origin/perf/phase18-short-benchmark;remotes/origin/test/mcp-e2e-hardening","UNRELATED","","docs/findings.md;src/video2pptx/debug/mcp_server.py;tests/gui/test_main_window_integration.py;tests/test_architecture.py"
"d9046d30ab1ff6bfdbe91bb3055f79082caac315","33f7a1735b41407d0dbe507c710708c0d367edcf","2026-07-12T15:08:10+03:00","fix(gui): add author and license info to About dialog","audit/phase17-phase18-history;integration/phase18-detect;master;perf/detect-phase18;perf/phase18-short-benchmark;test/mcp-e2e-hardening;remotes/origin/HEAD -> origin/master;remotes/origin/integration/phase18-detect;remotes/origin/master;remotes/origin/perf/detect-phase18;remotes/origin/perf/phase18-short-benchmark;remotes/origin/test/mcp-e2e-hardening","PHASE_17","","src/video2pptx/gui/about_dialog.py"
"33f7a1735b41407d0dbe507c710708c0d367edcf","c89d27024094772db118d09696669d5caa65b302","2026-07-12T15:06:49+03:00","grace(meta): register Phase 17 modules, V-REF-PRODUCT-IDENTITY, Step 0 done","audit/phase17-phase18-history;integration/phase18-detect;master;perf/detect-phase18;perf/phase18-short-benchmark;test/mcp-e2e-hardening;remotes/origin/HEAD -> origin/master;remotes/origin/integration/phase18-detect;remotes/origin/master;remotes/origin/perf/detect-phase18;remotes/origin/perf/phase18-short-benchmark;remotes/origin/test/mcp-e2e-hardening","DOCS_ONLY","Phase 17","docs/development-plan.xml;docs/knowledge-graph.xml;docs/verification-plan.xml"
"c89d27024094772db118d09696669d5caa65b302","26a56951ec6fee70f8a68a6789477fd26eab3d30","2026-07-12T15:05:21+03:00","grace(M-APP-IDENTITY+M-GUI-ABOUT): Phase 17.0 — product identity, About dialog, Help menu","audit/phase17-phase18-history;integration/phase18-detect;master;perf/detect-phase18;perf/phase18-short-benchmark;test/mcp-e2e-hardening;remotes/origin/HEAD -> origin/master;remotes/origin/integration/phase18-detect;remotes/origin/master;remotes/origin/perf/detect-phase18;remotes/origin/perf/phase18-short-benchmark;remotes/origin/test/mcp-e2e-hardening","PHASE_17","Phase 17","src/video2pptx/application/identity.py;src/video2pptx/build_meta.py;src/video2pptx/gui/about_dialog.py;src/video2pptx/gui/main_window.py;src/video2pptx/gui/main_window_ui.py;src/video2pptx/gui/menu_bar.py"
"26a56951ec6fee70f8a68a6789477fd26eab3d30","9cf0b49523eed30c435cac61a0c4a62837ce6014","2026-07-12T15:00:44+03:00","grace(meta): close Step 10, F-0076 MainWindow regression test, final GRACE sync","audit/phase17-phase18-history;integration/phase18-detect;master;perf/detect-phase18;perf/phase18-short-benchmark;test/mcp-e2e-hardening;remotes/origin/HEAD -> origin/master;remotes/origin/integration/phase18-detect;remotes/origin/master;remotes/origin/perf/detect-phase18;remotes/origin/perf/phase18-short-benchmark;remotes/origin/test/mcp-e2e-hardening","UNRELATED","","docs/development-plan.xml;docs/findings.md;docs/verification-plan.xml;tests/gui/test_main_window_integration.py"
"9cf0b49523eed30c435cac61a0c4a62837ce6014","0ff3b51f377c2bdfa032e49f04f548c5143ba57c","2026-07-12T14:58:45+03:00","grace(V-REF-DETECTION-INPUT): fix settings dialog tests for canonical DetectionConfig API","audit/phase17-phase18-history;integration/phase18-detect;master;perf/detect-phase18;perf/phase18-short-benchmark;test/mcp-e2e-hardening;remotes/origin/HEAD -> origin/master;remotes/origin/integration/phase18-detect;remotes/origin/master;remotes/origin/perf/detect-phase18;remotes/origin/perf/phase18-short-benchmark;remotes/origin/test/mcp-e2e-hardening","UNRELATED","","tests/test_gui_settings_project.py"
"0ff3b51f377c2bdfa032e49f04f548c5143ba57c","743fe8a18a65033c7f8eb254f9f71914ec278e08","2026-07-12T14:57:24+03:00","grace(V-REF-DETECTION-INPUT): F-0075 persistence round-trip + DetectionConfig detect test","audit/phase17-phase18-history;integration/phase18-detect;master;perf/detect-phase18;perf/phase18-short-benchmark;test/mcp-e2e-hardening;remotes/origin/HEAD -> origin/master;remotes/origin/integration/phase18-detect;remotes/origin/master;remotes/origin/perf/detect-phase18;remotes/origin/perf/phase18-short-benchmark;remotes/origin/test/mcp-e2e-hardening","UNRELATED","","tests/gui/test_project_controller.py"
"743fe8a18a65033c7f8eb254f9f71914ec278e08","2af379d60d92eef356c3811e53675150440fcbd2","2026-07-12T14:56:11+03:00","grace(M-GUI-SETTINGS-PROJECT): canonical DetectionConfig form, no legacy persistence","audit/phase17-phase18-history;integration/phase18-detect;master;perf/detect-phase18;perf/phase18-short-benchmark;test/mcp-e2e-hardening;remotes/origin/HEAD -> origin/master;remotes/origin/integration/phase18-detect;remotes/origin/master;remotes/origin/perf/detect-phase18;remotes/origin/perf/phase18-short-benchmark;remotes/origin/test/mcp-e2e-hardening","UNRELATED","","src/video2pptx/gui/main_window.py;src/video2pptx/gui/settings_project.py"
"2af379d60d92eef356c3811e53675150440fcbd2","de3677bca531811be5c1b60855caa69ac3b1ef4c","2026-07-12T14:49:34+03:00","grace(V-REF-DETECTION-INPUT): config propagation regression tests","audit/phase17-phase18-history;integration/phase18-detect;master;perf/detect-phase18;perf/phase18-short-benchmark;test/mcp-e2e-hardening;remotes/origin/HEAD -> origin/master;remotes/origin/integration/phase18-detect;remotes/origin/master;remotes/origin/perf/detect-phase18;remotes/origin/perf/phase18-short-benchmark;remotes/origin/test/mcp-e2e-hardening","UNRELATED","","tests/application/test_detection_service.py"
"de3677bca531811be5c1b60855caa69ac3b1ef4c","06809f8df7dbf46ee47a4b0536d7eac3fa7f0512","2026-07-12T14:48:53+03:00","grace(M-APP-PREVIEW+M-APP-AUTO): project-bound input resolution, remove hardcoded defaults","audit/phase17-phase18-history;integration/phase18-detect;master;perf/detect-phase18;perf/phase18-short-benchmark;test/mcp-e2e-hardening;remotes/origin/HEAD -> origin/master;remotes/origin/integration/phase18-detect;remotes/origin/master;remotes/origin/perf/detect-phase18;remotes/origin/perf/phase18-short-benchmark;remotes/origin/test/mcp-e2e-hardening","UNRELATED","","src/video2pptx/application/services/auto_service.py;src/video2pptx/application/services/preview_service.py"
"06809f8df7dbf46ee47a4b0536d7eac3fa7f0512","bbbf1c1d85d7f2284ec9f0dbd07b98b9a68c8e5d","2026-07-12T14:44:33+03:00","grace(meta): close F-0075/F-0076, update GRACE evidence","audit/phase17-phase18-history;integration/phase18-detect;master;perf/detect-phase18;perf/phase18-short-benchmark;test/mcp-e2e-hardening;remotes/origin/HEAD -> origin/master;remotes/origin/integration/phase18-detect;remotes/origin/master;remotes/origin/perf/detect-phase18;remotes/origin/perf/phase18-short-benchmark;remotes/origin/test/mcp-e2e-hardening","DOCS_ONLY","","docs/development-plan.xml;docs/findings.md;docs/verification-plan.xml"
"bbbf1c1d85d7f2284ec9f0dbd07b98b9a68c8e5d","947c6e2e2ab332e27924f7fc623cd03fe31f015d","2026-07-12T14:43:27+03:00","grace(M-GUI-PIPELINE-CTRL): remove hardcoded defaults and or [] destruction","audit/phase17-phase18-history;integration/phase18-detect;master;perf/detect-phase18;perf/phase18-short-benchmark;test/mcp-e2e-hardening;remotes/origin/HEAD -> origin/master;remotes/origin/integration/phase18-detect;remotes/origin/master;remotes/origin/perf/detect-phase18;remotes/origin/perf/phase18-short-benchmark;remotes/origin/test/mcp-e2e-hardening","UNRELATED","","src/video2pptx/gui/controllers/pipeline_controller.py"
"947c6e2e2ab332e27924f7fc623cd03fe31f015d","3b9c8773718e06c76687e6f9831b63b63bcd666d","2026-07-12T14:42:28+03:00","grace(M-PERSIST-DETECTION): DetectionConfigDocument schema 2.0 round-trip + legacy migration","audit/phase17-phase18-history;integration/phase18-detect;master;perf/detect-phase18;perf/phase18-short-benchmark;test/mcp-e2e-hardening;remotes/origin/HEAD -> origin/master;remotes/origin/integration/phase18-detect;remotes/origin/master;remotes/origin/perf/detect-phase18;remotes/origin/perf/phase18-short-benchmark;remotes/origin/test/mcp-e2e-hardening","UNRELATED","","src/video2pptx/infrastructure/persistence/dto.py;src/video2pptx/infrastructure/persistence/mapper.py;src/video2pptx/infrastructure/persistence/migrations.py"
"3b9c8773718e06c76687e6f9831b63b63bcd666d","66256ae87f9a499eb8bfdd36897195b5b2df5e30","2026-07-12T14:39:28+03:00","grace(M-APP-DETECT): video source resolution, decoder_backend propagation, PreconditionError","audit/phase17-phase18-history;integration/phase18-detect;master;perf/detect-phase18;perf/phase18-short-benchmark;test/mcp-e2e-hardening;remotes/origin/HEAD -> origin/master;remotes/origin/integration/phase18-detect;remotes/origin/master;remotes/origin/perf/detect-phase18;remotes/origin/perf/phase18-short-benchmark;remotes/origin/test/mcp-e2e-hardening","UNRELATED","","src/video2pptx/adapters/legacy_detector.py;src/video2pptx/application/errors.py;src/video2pptx/application/ports/slide_detector.py;src/video2pptx/application/services/detection_service.py"
"66256ae87f9a499eb8bfdd36897195b5b2df5e30","f0f506eecbdc995a70a0b6352e97f461ac476ef1","2026-07-12T14:35:36+03:00","grace(M-APP-INPUT-RESOLVER): resolve_project_input/resolve_project_path/resolve_detection_override/normalize_roi","audit/phase17-phase18-history;integration/phase18-detect;master;perf/detect-phase18;perf/phase18-short-benchmark;test/mcp-e2e-hardening;remotes/origin/HEAD -> origin/master;remotes/origin/integration/phase18-detect;remotes/origin/master;remotes/origin/perf/detect-phase18;remotes/origin/perf/phase18-short-benchmark;remotes/origin/test/mcp-e2e-hardening","UNRELATED","","src/video2pptx/application/base.py"
"f0f506eecbdc995a70a0b6352e97f461ac476ef1","c665b16daa6aa8bbe89f7e8ffc953310645eb4f4","2026-07-12T14:34:50+03:00","grace(meta): plan Step 10 Detection Input Persistence Gate","audit/phase17-phase18-history;integration/phase18-detect;master;perf/detect-phase18;perf/phase18-short-benchmark;test/mcp-e2e-hardening;remotes/origin/HEAD -> origin/master;remotes/origin/integration/phase18-detect;remotes/origin/master;remotes/origin/perf/detect-phase18;remotes/origin/perf/phase18-short-benchmark;remotes/origin/test/mcp-e2e-hardening","DOCS_ONLY","","docs/development-plan.xml;docs/knowledge-graph.xml;docs/verification-plan.xml"
"c665b16daa6aa8bbe89f7e8ffc953310645eb4f4","33ed099f5b4a696a6fccf2f2fbd4db03907ffd3c","2026-07-12T14:22:24+03:00","grace(meta): finalize Phase 16 with DetectionConfig fix, known CI limitations","audit/phase17-phase18-history;integration/phase18-detect;master;perf/detect-phase18;perf/phase18-short-benchmark;test/mcp-e2e-hardening;remotes/origin/HEAD -> origin/master;remotes/origin/integration/phase18-detect;remotes/origin/master;remotes/origin/perf/detect-phase18;remotes/origin/perf/phase18-short-benchmark;remotes/origin/test/mcp-e2e-hardening","DOCS_ONLY","","docs/verification-plan.xml"
"33ed099f5b4a696a6fccf2f2fbd4db03907ffd3c","7111f7773758824f06da80f0330acb9438a06b16","2026-07-12T14:18:42+03:00","fix(mcp): slide_set_frame arg routing in _QT_WRITE_CMDS","audit/phase17-phase18-history;integration/phase18-detect;master;perf/detect-phase18;perf/phase18-short-benchmark;test/mcp-e2e-hardening;remotes/origin/HEAD -> origin/master;remotes/origin/integration/phase18-detect;remotes/origin/master;remotes/origin/perf/detect-phase18;remotes/origin/perf/phase18-short-benchmark;remotes/origin/test/mcp-e2e-hardening","UNRELATED","","src/video2pptx/debug/mcp_server.py"
"7111f7773758824f06da80f0330acb9438a06b16","d33d1e22e3d3aad9a3832ee6a5151ac4ab5e9350","2026-07-12T14:14:30+03:00","fix(detection): use canonical Project DetectionConfig instead of hardcoded defaults","audit/phase17-phase18-history;integration/phase18-detect;master;perf/detect-phase18;perf/phase18-short-benchmark;test/mcp-e2e-hardening;remotes/origin/HEAD -> origin/master;remotes/origin/integration/phase18-detect;remotes/origin/master;remotes/origin/perf/detect-phase18;remotes/origin/perf/phase18-short-benchmark;remotes/origin/test/mcp-e2e-hardening","UNRELATED","","docs/findings.md;src/video2pptx/application/services/detection_service.py;src/video2pptx/cli.py;src/video2pptx/debug/app_service_adapter.py;src/video2pptx/debug/mcp_server.py;src/video2pptx/domain/project.py;src/video2pptx/gui/controllers/pipeline_controller.py;src/video2pptx/gui/main_window.py;tests/gui/test_main_window_integration.py;tests/test_architecture.py"
"d33d1e22e3d3aad9a3832ee6a5151ac4ab5e9350","295b72ee563c445f6bb9a8a4b691cf1c9a9bdaa6","2026-07-12T13:52:20+03:00","grace(meta): finalize Phase 16 Step 9.5, all CI green","audit/phase17-phase18-history;integration/phase18-detect;master;perf/detect-phase18;perf/phase18-short-benchmark;test/mcp-e2e-hardening;remotes/origin/HEAD -> origin/master;remotes/origin/integration/phase18-detect;remotes/origin/master;remotes/origin/perf/detect-phase18;remotes/origin/perf/phase18-short-benchmark;remotes/origin/test/mcp-e2e-hardening","DOCS_ONLY","","docs/development-plan.xml;docs/verification-plan.xml"
"295b72ee563c445f6bb9a8a4b691cf1c9a9bdaa6","d7d257f5dfa04879174e78ea7e6557337fa2d8dd","2026-07-12T13:48:18+03:00","grace(step-9.5): CLI architecture rule and MCP ops order fix","audit/phase17-phase18-history;integration/phase18-detect;master;perf/detect-phase18;perf/phase18-short-benchmark;test/mcp-e2e-hardening;remotes/origin/HEAD -> origin/master;remotes/origin/integration/phase18-detect;remotes/origin/master;remotes/origin/perf/detect-phase18;remotes/origin/perf/phase18-short-benchmark;remotes/origin/test/mcp-e2e-hardening","UNRELATED","","tests/test_architecture.py;tests/test_mcp_operations.py"
"d7d257f5dfa04879174e78ea7e6557337fa2d8dd","a6d3b340de2e4fbabba1f1cb278f1b7e42d66cc9","2026-07-12T13:47:13+03:00","fix(gui): own operation lifecycle in PipelineController with start acknowledgement","audit/phase17-phase18-history;integration/phase18-detect;master;perf/detect-phase18;perf/phase18-short-benchmark;test/mcp-e2e-hardening;remotes/origin/HEAD -> origin/master;remotes/origin/integration/phase18-detect;remotes/origin/master;remotes/origin/perf/detect-phase18;remotes/origin/perf/phase18-short-benchmark;remotes/origin/test/mcp-e2e-hardening","UNRELATED","","docs/findings.md;pyproject.toml;src/video2pptx/adapters/cli/app.py;src/video2pptx/cli.py;src/video2pptx/gui/controllers/pipeline_controller.py;src/video2pptx/gui/main_window.py;src/video2pptx/gui/main_window_ui.py;src/video2pptx/gui/status_manager.py;tests/gui/test_main_window_integration.py"
"a6d3b340de2e4fbabba1f1cb278f1b7e42d66cc9","c6f5e14831d5bd56ac9c4ba1477b5b8f75ade1d2","2026-07-12T13:31:07+03:00","grace(meta): mark Phase 16 and Step 9 done, update verification evidence","audit/phase17-phase18-history;integration/phase18-detect;master;perf/detect-phase18;perf/phase18-short-benchmark;test/mcp-e2e-hardening;remotes/origin/HEAD -> origin/master;remotes/origin/integration/phase18-detect;remotes/origin/master;remotes/origin/perf/detect-phase18;remotes/origin/perf/phase18-short-benchmark;remotes/origin/test/mcp-e2e-hardening","DOCS_ONLY","","docs/development-plan.xml;docs/verification-plan.xml"
"c6f5e14831d5bd56ac9c4ba1477b5b8f75ade1d2","1464dc47d8b205b4a7397f9ae544c3ac2524d82a","2026-07-12T13:27:14+03:00","grace(step-9): add architecture tests for canonical state and clean layering","audit/phase17-phase18-history;integration/phase18-detect;master;perf/detect-phase18;perf/phase18-short-benchmark;test/mcp-e2e-hardening;remotes/origin/HEAD -> origin/master;remotes/origin/integration/phase18-detect;remotes/origin/master;remotes/origin/perf/detect-phase18;remotes/origin/perf/phase18-short-benchmark;remotes/origin/test/mcp-e2e-hardening","UNRELATED","","tests/test_architecture.py"
"1464dc47d8b205b4a7397f9ae544c3ac2524d82a","a880240d2c231a43c35e3853bfe94fbefd23550e","2026-07-12T13:25:02+03:00","grace(step-9): remove @mcp_action, ActionRegistry, legacy MCP-GUI coupling","audit/phase17-phase18-history;integration/phase18-detect;master;perf/detect-phase18;perf/phase18-short-benchmark;test/mcp-e2e-hardening;remotes/origin/HEAD -> origin/master;remotes/origin/integration/phase18-detect;remotes/origin/master;remotes/origin/perf/detect-phase18;remotes/origin/perf/phase18-short-benchmark;remotes/origin/test/mcp-e2e-hardening","UNRELATED","","src/video2pptx/debug/action_registry.py;src/video2pptx/debug/mcp_server.py;src/video2pptx/gui/main_window.py;src/video2pptx/gui/main_window_ui.py;tests/test_debug_action.py"
"a880240d2c231a43c35e3853bfe94fbefd23550e","8befc7e20755df5457f729eeefd1092232ab330c","2026-07-12T13:21:18+03:00","grace(step-9): delete DEAD legacy modules and their tests","audit/phase17-phase18-history;integration/phase18-detect;master;perf/detect-phase18;perf/phase18-short-benchmark;test/mcp-e2e-hardening;remotes/origin/HEAD -> origin/master;remotes/origin/integration/phase18-detect;remotes/origin/master;remotes/origin/perf/detect-phase18;remotes/origin/perf/phase18-short-benchmark;remotes/origin/test/mcp-e2e-hardening","UNRELATED","","src/video2pptx/app_service.py;src/video2pptx/command_router.py;src/video2pptx/debug/mcp_composition.py;src/video2pptx/gui/__init__.py;src/video2pptx/gui/timeline_v2.py;src/video2pptx/gui/timeline_widget.py;src/video2pptx/gui/workers.py;tests/test_architecture.py;tests/test_characterization_adapters.py;tests/test_command_router.py;tests/test_gui_timeline.py;tests/test_gui_timeline_v2.py;tests/test_gui_workers.py"
"8befc7e20755df5457f729eeefd1092232ab330c","4b25499583e4b0221e2d944a8a47686e5c31f89a","2026-07-12T13:14:19+03:00","grace(plan): mark Step 8 and Step 8.5 done, all CI green","audit/phase17-phase18-history;integration/phase18-detect;master;perf/detect-phase18;perf/phase18-short-benchmark;test/mcp-e2e-hardening;remotes/origin/HEAD -> origin/master;remotes/origin/integration/phase18-detect;remotes/origin/master;remotes/origin/perf/detect-phase18;remotes/origin/perf/phase18-short-benchmark;remotes/origin/test/mcp-e2e-hardening","DOCS_ONLY","","docs/development-plan.xml;docs/verification-plan.xml"
"4b25499583e4b0221e2d944a8a47686e5c31f89a","2e0735a371a6c2ef344c148e245dace786d54059","2026-07-12T13:10:31+03:00","fix(ci): widen MCP port pool from 5 to 16 for sequential E2E tests","audit/phase17-phase18-history;integration/phase18-detect;master;perf/detect-phase18;perf/phase18-short-benchmark;test/mcp-e2e-hardening;remotes/origin/HEAD -> origin/master;remotes/origin/integration/phase18-detect;remotes/origin/master;remotes/origin/perf/detect-phase18;remotes/origin/perf/phase18-short-benchmark;remotes/origin/test/mcp-e2e-hardening","UNRELATED","","src/video2pptx/debug/mcp_server.py"
"2e0735a371a6c2ef344c148e245dace786d54059","c4f7d5b16ddea9f679691b7b04967580ce8c52c3","2026-07-12T13:05:23+03:00","fix(ci): bump pipeline QThread timeout and MCP startup timeout for slower runners","audit/phase17-phase18-history;integration/phase18-detect;master;perf/detect-phase18;perf/phase18-short-benchmark;test/mcp-e2e-hardening;remotes/origin/HEAD -> origin/master;remotes/origin/integration/phase18-detect;remotes/origin/master;remotes/origin/perf/detect-phase18;remotes/origin/perf/phase18-short-benchmark;remotes/origin/test/mcp-e2e-hardening","UNRELATED","","tests/e2e/test_mcp_startup_characterization.py;tests/gui/test_pipeline_controller.py"
"c4f7d5b16ddea9f679691b7b04967580ce8c52c3","581cfe9b5f41b66c91464595e2a7957fd379c43b","2026-07-12T12:55:21+03:00","fix(ci): support Python 3.10 timestamps and self-host MCP smoke","audit/phase17-phase18-history;integration/phase18-detect;master;perf/detect-phase18;perf/phase18-short-benchmark;test/mcp-e2e-hardening;remotes/origin/HEAD -> origin/master;remotes/origin/integration/phase18-detect;remotes/origin/master;remotes/origin/perf/detect-phase18;remotes/origin/perf/phase18-short-benchmark;remotes/origin/test/mcp-e2e-hardening","UNRELATED","",".github/workflows/mcp-e2e.yml;src/video2pptx/domain/pipeline_state.py"
"581cfe9b5f41b66c91464595e2a7957fd379c43b","45d89369b336bfd4686e0b08daf6774b87181588","2026-07-12T12:48:59+03:00","fix(tests): characterize CLI metadata and preserve absolute paths","audit/phase17-phase18-history;integration/phase18-detect;master;perf/detect-phase18;perf/phase18-short-benchmark;test/mcp-e2e-hardening;remotes/origin/HEAD -> origin/master;remotes/origin/integration/phase18-detect;remotes/origin/master;remotes/origin/perf/detect-phase18;remotes/origin/perf/phase18-short-benchmark;remotes/origin/test/mcp-e2e-hardening","UNRELATED","","src/video2pptx/paths.py;tests/test_cli_characterization.py"
"45d89369b336bfd4686e0b08daf6774b87181588","0dbd1a99ce7c7aa42b6f27262f91ac8f557e5775","2026-07-12T12:45:12+03:00","fix(tests): make CLI help characterization width deterministic","audit/phase17-phase18-history;integration/phase18-detect;master;perf/detect-phase18;perf/phase18-short-benchmark;test/mcp-e2e-hardening;remotes/origin/HEAD -> origin/master;remotes/origin/integration/phase18-detect;remotes/origin/master;remotes/origin/perf/detect-phase18;remotes/origin/perf/phase18-short-benchmark;remotes/origin/test/mcp-e2e-hardening","UNRELATED","","tests/test_cli_characterization.py"
"0dbd1a99ce7c7aa42b6f27262f91ac8f557e5775","0bb47395a1fed91faaa97cbd52a5aae22c39fa30","2026-07-12T12:42:07+03:00","fix(ci): complete Linux multimedia and deterministic help gates","audit/phase17-phase18-history;integration/phase18-detect;master;perf/detect-phase18;perf/phase18-short-benchmark;test/mcp-e2e-hardening;remotes/origin/HEAD -> origin/master;remotes/origin/integration/phase18-detect;remotes/origin/master;remotes/origin/perf/detect-phase18;remotes/origin/perf/phase18-short-benchmark;remotes/origin/test/mcp-e2e-hardening","UNRELATED","",".github/workflows/ci.yml;.github/workflows/mcp-e2e.yml;src/video2pptx/paths.py;tests/test_cli_characterization.py"
"0bb47395a1fed91faaa97cbd52a5aae22c39fa30","c15cc6eaebd130c33742357a7fe042d99b2c2ada","2026-07-12T12:38:22+03:00","fix(ci): install Qt test runtime and separate E2E gate","audit/phase17-phase18-history;integration/phase18-detect;master;perf/detect-phase18;perf/phase18-short-benchmark;test/mcp-e2e-hardening;remotes/origin/HEAD -> origin/master;remotes/origin/integration/phase18-detect;remotes/origin/master;remotes/origin/perf/detect-phase18;remotes/origin/perf/phase18-short-benchmark;remotes/origin/test/mcp-e2e-hardening","UNRELATED","",".github/workflows/ci.yml;pyproject.toml"
"c15cc6eaebd130c33742357a7fe042d99b2c2ada","81b1c9956863d4ab678d5e33fc71c962fe431e92","2026-07-12T12:34:14+03:00","grace(meta): sync Step 8.5 local verification","audit/phase17-phase18-history;integration/phase18-detect;master;perf/detect-phase18;perf/phase18-short-benchmark;test/mcp-e2e-hardening;remotes/origin/HEAD -> origin/master;remotes/origin/integration/phase18-detect;remotes/origin/master;remotes/origin/perf/detect-phase18;remotes/origin/perf/phase18-short-benchmark;remotes/origin/test/mcp-e2e-hardening","DOCS_ONLY","","docs/development-plan.xml;docs/findings.md;docs/knowledge-graph.xml;docs/verification-plan.xml"
"81b1c9956863d4ab678d5e33fc71c962fe431e92","943e0f88bb03a0367848a56ce25e8455829e27d0","2026-07-12T12:33:41+03:00","grace(M-GUI-PIPELINE-CTRL): pass Step 8.5 integration gate","audit/phase17-phase18-history;integration/phase18-detect;master;perf/detect-phase18;perf/phase18-short-benchmark;test/mcp-e2e-hardening;remotes/origin/HEAD -> origin/master;remotes/origin/integration/phase18-detect;remotes/origin/master;remotes/origin/perf/detect-phase18;remotes/origin/perf/phase18-short-benchmark;remotes/origin/test/mcp-e2e-hardening","UNRELATED","",".github/workflows/ci.yml;.github/workflows/mcp-e2e.yml;pyproject.toml;src/video2pptx/auto_align.py;src/video2pptx/bootstrap/application.py;src/video2pptx/debug/mcp_server.py;src/video2pptx/domain/project.py;src/video2pptx/gui/controllers/pipeline_controller.py;src/video2pptx/gui/controllers/pipeline_worker.py;src/video2pptx/gui/controllers/project_controller.py;src/video2pptx/gui/controllers/timeline_controller.py;src/video2pptx/gui/main_window.py;src/video2pptx/gui/main_window_ui.py;src/video2pptx/gui/ui_state.py;src/video2pptx/validators/project_validator.py;tests/conftest.py;tests/gui/test_main_window_integration.py;tests/gui/test_pipeline_controller.py;tests/test_architecture.py;tests/test_atomic_json.py;tests/test_characterization_fixtures.py;tests/test_mcp_operations.py;tests/test_mcp_read_tools.py;tests/test_project_validator.py;tools/__init__.py"
"943e0f88bb03a0367848a56ce25e8455829e27d0","88eaec48c7a78b0357b6598ba05e9f83aca3db5f","2026-07-12T12:13:29+03:00","grace(meta): plan Step 8.5 GUI regression gate","audit/phase17-phase18-history;integration/phase18-detect;master;perf/detect-phase18;perf/phase18-short-benchmark;test/mcp-e2e-hardening;remotes/origin/HEAD -> origin/master;remotes/origin/integration/phase18-detect;remotes/origin/master;remotes/origin/perf/detect-phase18;remotes/origin/perf/phase18-short-benchmark;remotes/origin/test/mcp-e2e-hardening","DOCS_ONLY","","docs/development-plan.xml;docs/findings.md;docs/knowledge-graph.xml;docs/verification-plan.xml"
"88eaec48c7a78b0357b6598ba05e9f83aca3db5f","89a672b77c14a6396763aff2709cd2b296aa779a","2026-07-12T12:01:42+03:00","refactor(gui): thin MainWindow to 636 LOC via 3 controllers and data-driven loops","audit/phase17-phase18-history;integration/phase18-detect;master;perf/detect-phase18;perf/phase18-short-benchmark;test/mcp-e2e-hardening;remotes/origin/HEAD -> origin/master;remotes/origin/integration/phase18-detect;remotes/origin/master;remotes/origin/perf/detect-phase18;remotes/origin/perf/phase18-short-benchmark;remotes/origin/test/mcp-e2e-hardening","UNRELATED","","src/video2pptx/gui/controllers/subtitle_editor_handler.py;src/video2pptx/gui/main_window.py"
"89a672b77c14a6396763aff2709cd2b296aa779a","a69968de93ea4cf49f4beb236b1b50b68cf0cbea","2026-07-12T08:48:24+03:00","feat(gui): extract TimelineController — slide CRUD with revision-safe save","audit/phase17-phase18-history;integration/phase18-detect;master;perf/detect-phase18;perf/phase18-short-benchmark;test/mcp-e2e-hardening;remotes/origin/HEAD -> origin/master;remotes/origin/integration/phase18-detect;remotes/origin/master;remotes/origin/perf/detect-phase18;remotes/origin/perf/phase18-short-benchmark;remotes/origin/test/mcp-e2e-hardening","UNRELATED","","docs/development-plan.xml;docs/knowledge-graph.xml;src/video2pptx/gui/controllers/__init__.py;src/video2pptx/gui/controllers/timeline_controller.py;tests/gui/test_timeline_controller.py"
"a69968de93ea4cf49f4beb236b1b50b68cf0cbea","efaba455874b7f4567d3c69d362cd576545e927c","2026-07-12T08:46:32+03:00","feat(gui): extract PipelineController — stage dispatch with progress signals","audit/phase17-phase18-history;integration/phase18-detect;master;perf/detect-phase18;perf/phase18-short-benchmark;test/mcp-e2e-hardening;remotes/origin/HEAD -> origin/master;remotes/origin/integration/phase18-detect;remotes/origin/master;remotes/origin/perf/detect-phase18;remotes/origin/perf/phase18-short-benchmark;remotes/origin/test/mcp-e2e-hardening","UNRELATED","","docs/development-plan.xml;docs/knowledge-graph.xml;src/video2pptx/gui/controllers/__init__.py;src/video2pptx/gui/controllers/pipeline_controller.py;tests/gui/test_pipeline_controller.py"
"efaba455874b7f4567d3c69d362cd576545e927c","439d3ca42374ca412b2a84d75d55cd601b090a4d","2026-07-12T08:42:09+03:00","feat(gui): extract ProjectController — create/open/save/close via ApplicationServices","audit/phase17-phase18-history;integration/phase18-detect;master;perf/detect-phase18;perf/phase18-short-benchmark;test/mcp-e2e-hardening;remotes/origin/HEAD -> origin/master;remotes/origin/integration/phase18-detect;remotes/origin/master;remotes/origin/perf/detect-phase18;remotes/origin/perf/phase18-short-benchmark;remotes/origin/test/mcp-e2e-hardening","UNRELATED","","docs/development-plan.xml;docs/knowledge-graph.xml;docs/verification-plan.xml;src/video2pptx/gui/controllers/__init__.py;src/video2pptx/gui/controllers/project_controller.py;tests/gui/__init__.py;tests/gui/test_project_controller.py;tests/test_cli_architecture.py"
"439d3ca42374ca412b2a84d75d55cd601b090a4d","4c8ecca38abd24909b7377d58b9bfeeed7dd4843","2026-07-12T08:38:24+03:00","grace(meta): add Step 8 GUI controller modules and data flows","audit/phase17-phase18-history;integration/phase18-detect;master;perf/detect-phase18;perf/phase18-short-benchmark;test/mcp-e2e-hardening;remotes/origin/HEAD -> origin/master;remotes/origin/integration/phase18-detect;remotes/origin/master;remotes/origin/perf/detect-phase18;remotes/origin/perf/phase18-short-benchmark;remotes/origin/test/mcp-e2e-hardening","DOCS_ONLY","","docs/development-plan.xml"
"4c8ecca38abd24909b7377d58b9bfeeed7dd4843","a476c4dd97d4908c61d98078da3989f0148a3d1f","2026-07-12T08:03:50+03:00","grace(meta): mark Step 7 done, V-REF-CLI-ADAPTER passed","audit/phase17-phase18-history;integration/phase18-detect;master;perf/detect-phase18;perf/phase18-short-benchmark;test/mcp-e2e-hardening;remotes/origin/HEAD -> origin/master;remotes/origin/integration/phase18-detect;remotes/origin/master;remotes/origin/perf/detect-phase18;remotes/origin/perf/phase18-short-benchmark;remotes/origin/test/mcp-e2e-hardening","DOCS_ONLY","","docs/development-plan.xml;docs/verification-plan.xml"
"a476c4dd97d4908c61d98078da3989f0148a3d1f","e4af529321e26ca5f779fc6e443262a2634ca41f","2026-07-12T08:03:27+03:00","grace(CLI): add project-based preview/align/validate/auto to console entry point","audit/phase17-phase18-history;integration/phase18-detect;master;perf/detect-phase18;perf/phase18-short-benchmark;test/mcp-e2e-hardening;remotes/origin/HEAD -> origin/master;remotes/origin/integration/phase18-detect;remotes/origin/master;remotes/origin/perf/detect-phase18;remotes/origin/perf/phase18-short-benchmark;remotes/origin/test/mcp-e2e-hardening","UNRELATED","","src/video2pptx/cli.py;tests/test_cli_characterization.py"
"e4af529321e26ca5f779fc6e443262a2634ca41f","b34d4d582e6b0f9b5edb4f8ddd6321fd12e43d38","2026-07-12T06:41:28+03:00","grace(meta): sync GRACE artifacts after CLI adapter implementation (checkpoints 7.1-7.4)","audit/phase17-phase18-history;integration/phase18-detect;master;perf/detect-phase18;perf/phase18-short-benchmark;test/mcp-e2e-hardening;remotes/origin/HEAD -> origin/master;remotes/origin/integration/phase18-detect;remotes/origin/master;remotes/origin/perf/detect-phase18;remotes/origin/perf/phase18-short-benchmark;remotes/origin/test/mcp-e2e-hardening","DOCS_ONLY","","docs/development-plan.xml;docs/knowledge-graph.xml;docs/verification-plan.xml"
"b34d4d582e6b0f9b5edb4f8ddd6321fd12e43d38","1ec3863bd8c339bafeb8c848a84b85a832c01744","2026-07-12T06:40:28+03:00","grace(CLI-ADAPTER): add architecture test forbidding legacy pipeline imports","audit/phase17-phase18-history;integration/phase18-detect;master;perf/detect-phase18;perf/phase18-short-benchmark;test/mcp-e2e-hardening;remotes/origin/HEAD -> origin/master;remotes/origin/integration/phase18-detect;remotes/origin/master;remotes/origin/perf/detect-phase18;remotes/origin/perf/phase18-short-benchmark;remotes/origin/test/mcp-e2e-hardening","UNRELATED","","tests/test_cli_architecture.py"
"1ec3863bd8c339bafeb8c848a84b85a832c01744","93eefe2a9d300035597f5ae1c60f9fdcf313c5e7","2026-07-12T06:39:42+03:00","grace(CLI-ADAPTER): add project-based Typer commands routing to Application Services","audit/phase17-phase18-history;integration/phase18-detect;master;perf/detect-phase18;perf/phase18-short-benchmark;test/mcp-e2e-hardening;remotes/origin/HEAD -> origin/master;remotes/origin/integration/phase18-detect;remotes/origin/master;remotes/origin/perf/detect-phase18;remotes/origin/perf/phase18-short-benchmark;remotes/origin/test/mcp-e2e-hardening","UNRELATED","","src/video2pptx/adapters/cli/app.py;src/video2pptx/adapters/cli/errors.py;tests/test_cli_adapter_commands.py"
"93eefe2a9d300035597f5ae1c60f9fdcf313c5e7","1ba701e18adb2800968ae839271e957a0078d067","2026-07-12T06:36:10+03:00","grace(APP-BOOTSTRAP): extract neutral composition root shared by MCP and CLI adapters","audit/phase17-phase18-history;integration/phase18-detect;master;perf/detect-phase18;perf/phase18-short-benchmark;test/mcp-e2e-hardening;remotes/origin/HEAD -> origin/master;remotes/origin/integration/phase18-detect;remotes/origin/master;remotes/origin/perf/detect-phase18;remotes/origin/perf/phase18-short-benchmark;remotes/origin/test/mcp-e2e-hardening","UNRELATED","","src/video2pptx/bootstrap/__init__.py;src/video2pptx/bootstrap/application.py;src/video2pptx/debug/app_service_adapter.py;src/video2pptx/debug/mcp_composition.py;tests/test_bootstrap.py"
"1ba701e18adb2800968ae839271e957a0078d067","c6c1388eb10ec12b580b99c91beafe0b542cc7a4","2026-07-12T06:15:06+03:00","grace(CLI-ADAPTER): add CLI context, renderer, observer, and exit codes","audit/phase17-phase18-history;integration/phase18-detect;master;perf/detect-phase18;perf/phase18-short-benchmark;test/mcp-e2e-hardening;remotes/origin/HEAD -> origin/master;remotes/origin/integration/phase18-detect;remotes/origin/master;remotes/origin/perf/detect-phase18;remotes/origin/perf/phase18-short-benchmark;remotes/origin/test/mcp-e2e-hardening","UNRELATED","","src/video2pptx/adapters/cli/__init__.py;src/video2pptx/adapters/cli/context.py;src/video2pptx/adapters/cli/errors.py;src/video2pptx/adapters/cli/exit_codes.py;src/video2pptx/adapters/cli/observer.py;src/video2pptx/adapters/cli/renderer.py;tests/test_cli_adapter_core.py"
"c6c1388eb10ec12b580b99c91beafe0b542cc7a4","8ad856b0b13055a4ffc7040bc0df5c7707935b49","2026-07-12T06:07:54+03:00","grace(CLI-CHAR): freeze CLI behavior and migration contract","audit/phase17-phase18-history;integration/phase18-detect;master;perf/detect-phase18;perf/phase18-short-benchmark;test/mcp-e2e-hardening;remotes/origin/HEAD -> origin/master;remotes/origin/integration/phase18-detect;remotes/origin/master;remotes/origin/perf/detect-phase18;remotes/origin/perf/phase18-short-benchmark;remotes/origin/test/mcp-e2e-hardening","UNRELATED","","tests/test_cli_characterization.py"
"8ad856b0b13055a4ffc7040bc0df5c7707935b49","7bf90eab16da872fbc95e3c2a00285dbfd098754","2026-07-12T06:06:48+03:00","grace(meta): start Phase 16 Step 7 CLI adapter","audit/phase17-phase18-history;integration/phase18-detect;master;perf/detect-phase18;perf/phase18-short-benchmark;test/mcp-e2e-hardening;remotes/origin/HEAD -> origin/master;remotes/origin/integration/phase18-detect;remotes/origin/master;remotes/origin/perf/detect-phase18;remotes/origin/perf/phase18-short-benchmark;remotes/origin/test/mcp-e2e-hardening","DOCS_ONLY","","docs/development-plan.xml;docs/knowledge-graph.xml;docs/verification-plan.xml"
"7bf90eab16da872fbc95e3c2a00285dbfd098754","ea3b860811fe37d0d7aa5c62c18272b8c20e1ce5","2026-07-12T05:53:05+03:00","grace(MCP-ADAPTER): route MCP through application services","audit/phase17-phase18-history;integration/phase18-detect;master;perf/detect-phase18;perf/phase18-short-benchmark;test/mcp-e2e-hardening;remotes/origin/HEAD -> origin/master;remotes/origin/integration/phase18-detect;remotes/origin/master;remotes/origin/perf/detect-phase18;remotes/origin/perf/phase18-short-benchmark;remotes/origin/test/mcp-e2e-hardening","UNRELATED","","docs/development-plan.xml;docs/findings.md;docs/knowledge-graph.xml;docs/verification-plan.xml;src/video2pptx/adapters/__init__.py;src/video2pptx/adapters/legacy_aligner.py;src/video2pptx/adapters/legacy_detector.py;src/video2pptx/adapters/legacy_exporter.py;src/video2pptx/adapters/legacy_notes.py;src/video2pptx/adapters/legacy_preview.py;src/video2pptx/application/ports/notes_processor.py;src/video2pptx/application/ports/presentation_exporter.py;src/video2pptx/application/services/alignment_service.py;src/video2pptx/application/services/auto_service.py;src/video2pptx/application/services/export_service.py;src/video2pptx/application/services/notes_service.py;src/video2pptx/debug/app_service_adapter.py;src/video2pptx/debug/mcp_composition.py;src/video2pptx/debug/mcp_operations.py;src/video2pptx/infrastructure/persistence/file_project_repository.py;src/video2pptx/infrastructure/persistence/mapper.py;src/video2pptx/project_model.py;tests/application/test_export_service.py;tests/test_app_service_runner.py"
